Date,Open,High,Low,Close,Volume,RSI,Overbought,Oversold,Signal,Reversal
2025-03-24 11:10:00,486.9,487.51,486.9,487.45,14381.0,72.01468784888914,True,False,Sell,False
2025-03-24 11:25:00,487.42,487.52,487.21,487.5,6133.0,71.637416196198,True,False,Sell,False
2025-03-24 13:00:00,488.18,488.45,488.02,488.4,45703.0,70.30085634163285,True,False,Sell,False
2025-03-25 08:10:00,489.6,489.65,489.33,489.33,7677.0,26.85790318313978,False,True,Buy,False
2025-03-25 08:25:00,489.26,489.35,488.97,488.97,3313.0,29.532461916225017,False,True,Buy,False
2025-03-25 10:40:00,490.48,490.69,490.34,490.69,5333.0,72.42362287239241,True,False,Sell,False
2025-03-25 10:55:00,490.65,490.73,490.65,490.73,2639.0,70.56407192928127,True,False,Sell,False
2025-03-25 11:30:00,490.98,491.13,490.82,491.13,9916.0,70.73947895660676,True,False,Sell,False
2025-03-25 11:40:00,491.1,491.32,491.1,491.21,6003.0,71.0118113891682,True,False,Sell,False
2025-03-25 20:00:00,493.46,493.77,493.4,493.76,276512.0,71.45165159097083,True,False,Sell,False
2025-03-26 08:00:00,493.28,494.0,493.09,493.12,5297.0,26.68129185669274,False,True,Buy,False
2025-03-26 09:55:00,492.26,492.35,492.16,492.16,5673.0,29.948809002453842,False,True,Buy,False
2025-03-26 13:30:00,492.3,492.81,491.69,492.04,693462.0,29.538200813159524,False,True,Buy,False
2025-03-26 13:50:00,491.31,491.52,490.37,490.755,660474.0,26.204034564580567,False,True,Buy,False
2025-03-26 15:50:00,487.64,487.71,486.46,486.79,685285.0,25.903139333792026,False,True,Buy,False
2025-03-26 16:55:00,485.46,485.49,484.78,484.9401,400788.0,27.662923679932035,False,True,Buy,False
2025-03-26 17:15:00,485.21,485.28,484.56,484.65,493670.0,27.975789789754803,False,True,Buy,False
2025-03-26 17:30:00,484.67,484.7346,483.96,484.0,378096.0,26.066034997655134,False,True,Buy,False
2025-03-26 18:50:00,483.25,483.4009,483.06,483.24,198300.0,29.79911017081176,False,True,Buy,False
2025-03-26 22:15:00,482.8,482.89,482.0,482.1,40651.0,29.414801383550962,False,True,Buy,False
2025-03-27 11:25:00,482.98,483.03,482.52,482.64,18098.0,29.244675145711007,False,True,Buy,False
2025-03-27 13:30:00,482.41,483.4,481.17,481.67,1287792.0,25.69016068616026,False,True,Buy,False
2025-03-27 23:05:00,481.05,481.05,480.74,480.76,7424.0,27.992909788387276,False,True,Buy,False
2025-03-28 08:00:00,478.64,479.26,478.44,479.26,34719.0,20.680865094006258,False,True,Buy,False
2025-03-28 13:00:00,478.63,478.76,478.43,478.43,48421.0,28.68018479781384,False,True,Buy,False
2025-03-28 14:05:00,478.065,478.14,475.83,476.1095,1608173.0,29.942113614218826,False,True,Buy,False
2025-03-28 15:20:00,472.01,472.3,471.33,471.49,263958.0,28.15938294847225,False,True,Buy,False
2025-03-28 16:15:00,471.115,471.2,469.8001,469.82,494034.0,28.67593842959169,False,True,Buy,False
2025-03-28 17:05:00,469.5241,469.6,468.9001,468.9299,433131.0,29.184200726714604,False,True,Buy,False
2025-03-28 20:50:00,467.27,467.28,466.92,466.9599,42518.0,29.68591056855744,False,True,Buy,False
2025-03-31 08:00:00,464.66,464.66,462.96,463.6,31245.0,10.59247399700698,False,True,Buy,False
2025-03-31 11:25:00,461.93,461.99,461.25,461.35,55303.0,27.986036728186775,False,True,Buy,False
2025-03-31 13:30:00,461.92,462.52,458.24,458.68,2390233.0,20.1780684434478,False,True,Buy,False
2025-03-31 13:40:00,459.58,459.68,458.0,458.0001,1714555.0,24.442299825266105,False,True,Buy,False
2025-03-31 22:10:00,467.26,467.26,466.22,466.37,32647.0,29.4637283897423,False,True,Buy,False
2025-04-01 08:25:00,468.56,469.08,468.54,468.97,6678.0,72.26979785401127,True,False,Sell,False
2025-04-01 08:50:00,469.09,469.37,469.09,469.37,2121.0,71.08031910751853,True,False,Sell,False
2025-04-01 09:15:00,469.32,469.77,469.32,469.76,6114.0,72.01799634760265,True,False,Sell,False
2025-04-01 09:30:00,469.73,470.12,469.72,469.99,21115.0,72.5477874469772,True,False,Sell,False
2025-04-01 10:30:00,467.5,467.58,466.38,467.1,49382.0,27.47042622950767,False,True,Buy,False
2025-04-01 11:35:00,466.5,466.53,465.68,465.79,67196.0,25.64354084959925,False,True,Buy,False
2025-04-01 14:55:00,470.04,470.65,469.49,470.5502,472320.0,70.08688261809519,True,False,Sell,False
2025-04-01 15:45:00,471.92,472.55,471.87,472.475,366668.0,70.44323777241033,True,False,Sell,False
2025-04-01 16:15:00,472.84,473.5,472.6501,473.3,287007.0,70.79113594875446,True,False,Sell,False
2025-04-01 19:50:00,471.74,472.92,471.41,472.815,915111.0,70.12377094865072,True,False,Sell,False
2025-04-01 22:10:00,473.27,474.79,473.27,473.84,55304.0,75.47510539611395,True,False,Sell,False
2025-04-02 08:00:00,471.0,471.42,470.52,470.7,16492.0,21.10494287944922,False,True,Buy,False
2025-04-02 10:00:00,470.56,470.7,469.25,469.87,38131.0,27.991933293902633,False,True,Buy,False
2025-04-02 10:30:00,469.8,469.95,469.66,469.66,8257.0,29.554297749795705,False,True,Buy,False
2025-04-02 11:00:00,469.54,469.7,468.97,469.1,46035.0,27.396916503864436,False,True,Buy,False
2025-04-02 12:00:00,469.37,472.23,467.8,468.02,144227.0,25.92415301413507,False,True,Buy,False
2025-04-02 12:15:00,467.87,468.13,467.36,467.67,39301.0,29.57614034349016,False,True,Buy,False
2025-04-02 13:25:00,466.33,466.44,465.92,466.06,54733.0,29.54420073578555,False,True,Buy,True
2025-04-02 13:45:00,470.96,471.91,470.79,471.85,541118.0,72.88199312698748,True,False,Sell,False
2025-04-02 14:00:00,470.95,473.11,470.56,472.95,706293.0,72.6686955842129,True,False,Sell,False
2025-04-02 16:25:00,476.08,476.63,475.74,476.58,598456.0,71.70810370213512,True,False,Sell,False
2025-04-02 16:45:00,476.765,477.81,476.36,477.73,427312.0,73.88669343269456,True,False,Sell,False
2025-04-02 18:25:00,473.72,474.09,472.866,472.866,336667.0,27.350613361543846,False,True,Buy,False
2025-04-02 20:10:00,476.05,481.75,474.88,481.0,696299.0,74.96275522398561,True,False,Sell,False
2025-04-02 20:30:00,467.84,468.71,465.99,466.86,1073912.0,29.38884466096269,False,True,Buy,False
2025-04-02 21:05:00,462.96,462.96,461.99,461.99,198677.0,29.60787975931783,False,True,Buy,False
2025-04-02 21:45:00,460.16,460.19,459.03,459.436,139487.0,29.88331299094065,False,True,Buy,False
2025-04-02 21:55:00,459.52,459.62,458.0,458.23,142243.0,28.146567996403007,False,True,Buy,False
2025-04-02 22:35:00,456.33,457.48,456.0,456.02,78773.0,29.687437937308637,False,True,Buy,False
2025-04-03 12:45:00,456.16,456.16,455.06,455.31,97865.0,28.736919749770166,False,True,Buy,False
2025-04-03 12:55:00,455.45,455.47,454.55,454.63,113324.0,26.863753149155723,False,True,Buy,False
2025-04-03 19:25:00,452.17,452.62,451.49,451.69,599243.0,29.60747782529298,False,True,Buy,False
2025-04-03 20:25:00,450.27,450.27,449.21,449.22,176380.0,27.802968939185202,False,True,Buy,False
2025-04-04 10:10:00,445.6,445.78,444.0,444.5,81517.0,27.406269219180107,False,True,Buy,False
2025-04-04 11:05:00,437.73,438.21,435.8,436.41,182269.0,29.71387665231358,False,True,Buy,False
2025-04-04 14:45:00,430.58,438.0,427.47,427.5,2409886.0,26.58564210456606,False,True,Buy,True
2025-04-07 08:00:00,402.67,407.12,400.0,407.02,181949.0,8.292032951986132,False,True,Buy,False
2025-04-07 13:40:00,406.44,407.12,402.39,404.385,3905507.0,27.148953488722064,False,True,Buy,True
2025-04-07 14:10:00,416.6,437.36,416.46,433.49,8806235.0,78.53442324273699,True,False,Sell,True
2025-04-07 23:10:00,429.0,429.12,428.8,429.11,28342.0,70.23134017760619,True,False,Sell,False
2025-04-08 08:00:00,431.25,432.0,431.22,431.58,41317.0,76.5987042511396,True,False,Sell,False
2025-04-08 11:35:00,431.47,433.47,431.31,432.96,198551.0,72.85945357624567,True,False,Sell,False
2025-04-08 13:10:00,435.9,437.01,435.44,436.76,359166.0,70.44505611862904,True,False,Sell,False
2025-04-08 13:50:00,437.18,440.06,436.84,439.75,1552534.0,70.37951591462617,True,False,Sell,False
2025-04-08 14:35:00,442.0085,442.52,441.06,442.245,868455.0,70.39973705761867,True,False,Sell,True
2025-04-08 16:35:00,430.39,431.2,427.551,428.02,1631489.0,27.468178782585827,False,True,Buy,False
2025-04-08 16:55:00,428.26,429.5746,426.2005,426.38,935136.0,28.39934538939591,False,True,Buy,False
2025-04-08 17:05:00,427.0499,428.06,424.26,424.48,1265541.0,26.71276913063344,False,True,Buy,False
2025-04-08 17:20:00,425.26,425.68,423.88,424.64,691633.0,29.168984073773583,False,True,Buy,False
2025-04-08 19:05:00,419.35,419.89,417.191,417.32,1324565.0,29.426244969497453,False,True,Buy,False
2025-04-08 19:35:00,415.06,415.06,411.3,411.87,1501836.0,25.98191936088953,False,True,Buy,False
2025-04-08 22:15:00,413.03,413.03,411.61,411.94,143981.0,28.783716067058972,False,True,Buy,False
2025-04-08 23:15:00,410.14,410.34,408.56,409.4,102216.0,27.86113628601281,False,True,Buy,False
2025-04-08 23:40:00,408.91,409.16,407.84,407.84,29955.0,28.85941023638432,False,True,Buy,False
2025-04-09 08:00:00,418.66,420.53,417.99,418.1,87879.0,70.55784378511369,True,False,Sell,False
2025-04-09 13:35:00,417.09,421.06,416.15,421.06,1785211.0,71.3405226534697,True,False,Sell,False
2025-04-09 14:00:00,421.31,424.94,421.19,423.17,1669552.0,70.32976195392742,True,False,Sell,True
2025-04-09 17:00:00,423.36,427.5,423.18,427.21,1678408.0,71.68436135627206,True,False,Sell,True
2025-04-09 17:15:00,424.88,435.49,420.5,434.33,3859345.0,75.67728460912339,True,False,Sell,False
2025-04-09 19:15:00,459.24,460.45,457.55,460.43,1450726.0,71.02429688312407,True,False,Sell,False
2025-04-09 20:55:00,466.65,467.3037,466.55,467.3037,92414.0,71.41270278462635,True,False,Sell,False
2025-04-10 08:00:00,458.61,460.0,456.21,456.81,244319.0,16.385937285342322,False,True,Buy,False
2025-04-10 15:40:00,444.77,445.88,443.95,444.25,918002.0,29.927761898633165,False,True,Buy,False
2025-04-10 15:55:00,444.0383,444.39,440.8015,441.32,1131029.0,25.46179803180672,False,True,Buy,False
2025-04-11 09:55:00,449.03,450.35,448.95,450.23,46479.0,70.91526169466525,True,False,Sell,False
2025-04-11 16:40:00,452.27,453.2,451.66,452.9175,484314.0,70.2438464544533,True,False,Sell,False
2025-04-14 08:00:00,462.66,463.03,461.22,463.03,52919.0,93.7425690790546,True,False,Sell,False
2025-04-14 11:05:00,462.229,462.49,462.0,462.34,35359.0,70.66831632970975,True,False,Sell,False
2025-04-14 13:20:00,464.2,464.44,463.9994,464.44,39464.0,71.66955039777788,True,False,Sell,False
2025-04-14 15:35:00,458.49,458.64,456.2725,456.42,506607.0,29.445461014969055,False,True,Buy,False
2025-04-14 15:45:00,457.19,457.21,454.51,454.6501,766761.0,27.485319081497366,False,True,Buy,False
2025-04-14 15:55:00,455.17,456.11,454.7501,454.7501,512244.0,29.456690704425643,False,True,Buy,False
2025-04-14 19:10:00,460.75,461.14,460.37,460.98,320410.0,70.29756281027512,True,False,Sell,False
2025-04-14 20:20:00,456.05,456.15,454.59,455.07,195572.0,28.00317030366141,False,True,Buy,False
2025-04-14 22:55:00,455.01,455.01,454.37,454.4599,9878.0,29.717399412577954,False,True,Buy,False
2025-04-15 08:00:00,459.16,459.65,458.16,458.2,37202.0,71.48450342248569,True,False,Sell,False
2025-04-15 11:45:00,457.17,457.21,456.27,456.27,31283.0,26.628475952580505,False,True,Buy,False
2025-04-15 11:55:00,456.53,456.75,456.02,456.21,9304.0,28.62110098466259,False,True,Buy,False
2025-04-15 12:25:00,455.63,455.75,454.97,455.57,31212.0,29.35881275384257,False,True,Buy,False
2025-04-15 13:35:00,459.2759,460.5471,458.25,460.33,501822.0,75.33313503684707,True,False,Sell,False
2025-04-15 14:05:00,460.78,461.65,460.43,461.1,776924.0,70.92187190067561,True,False,Sell,True
2025-04-15 21:35:00,456.3,456.35,455.65,455.8,35953.0,29.92816227994264,False,True,Buy,False
2025-04-15 22:50:00,453.05,453.051,452.5,452.79,21060.0,29.55074639108678,False,True,Buy,False
2025-04-15 23:10:00,452.67,452.7,452.02,452.35,13954.0,29.057925633602984,False,True,Buy,False
2025-04-15 23:20:00,452.33,452.41,452.09,452.2,14395.0,29.325057269118062,False,True,Buy,False
2025-04-16 08:00:00,447.82,448.28,447.34,447.63,28024.0,15.427968318563892,False,True,Buy,False
2025-04-16 13:25:00,449.53,449.79,448.75,448.98,93015.0,26.554372248171095,False,True,Buy,False
2025-04-16 13:55:00,448.26,448.98,447.53,447.56,682382.0,28.842555997321988,False,True,Buy,False
2025-04-16 17:40:00,445.91,445.91,444.46,444.9362,780695.0,28.446197235684192,False,True,Buy,False
2025-04-16 18:15:00,443.54,443.74,442.1732,442.5898,384089.0,29.182822208005557,False,True,Buy,False
2025-04-16 18:35:00,442.81,442.84,441.41,441.51,960462.0,29.392343837861755,False,True,Buy,False
2025-04-17 08:00:00,450.08,450.08,449.22,449.51,18690.0,75.74475631744413,True,False,Sell,False
2025-04-17 14:25:00,443.7,444.01,442.7,442.8013,888947.0,27.617823687556967,False,True,Buy,False
2025-04-21 08:00:00,438.92,440.0,438.68,439.71,59391.0,12.750541820095798,False,True,Buy,False
2025-04-21 11:20:00,438.63,438.72,437.22,437.42,41185.0,28.56635630138985,False,True,Buy,False
2025-04-21 13:55:00,436.47,436.51,434.97,434.9899,845890.0,28.4463405598072,False,True,Buy,False
2025-04-21 15:30:00,431.95,432.21,431.13,431.16,428479.0,28.353524479008467,False,True,Buy,False
2025-04-21 17:00:00,430.17,430.64,429.03,429.2,599135.0,29.992546266410244,False,True,Buy,False
2025-04-21 17:45:00,428.9058,429.08,428.27,428.28,312318.0,26.67378060275127,False,True,Buy,False
2025-04-21 19:45:00,431.445,431.94,431.01,431.85,708456.0,70.17353046558951,True,False,Sell,False
2025-04-21 20:05:00,432.8,433.36,432.51,433.2,661866.0,72.44367601725276,True,False,Sell,False
2025-04-21 23:45:00,433.11,434.45,432.9197,434.45,34223.0,72.0975807509105,True,False,Sell,False
2025-04-22 09:25:00,437.55,438.01,437.55,438.01,5650.0,70.40282808790336,True,False,Sell,False
2025-04-22 12:55:00,438.12,438.5,437.93,438.5,41315.0,70.74947677743242,True,False,Sell,False
2025-04-22 13:40:00,438.9,440.29,438.72,440.28,999206.0,71.60223163747018,True,False,Sell,False
2025-04-22 13:55:00,440.505,441.31,440.02,441.27,764839.0,72.70219407489276,True,False,Sell,False
2025-04-22 14:20:00,441.49,442.4,441.46,442.28,375476.0,72.13555194453657,True,False,Sell,False
2025-04-22 14:35:00,442.085,442.77,441.8,442.722,541209.0,72.19042986167362,True,False,Sell,False
2025-04-22 16:00:00,444.35,446.06,444.35,445.29,1370500.0,70.7596275459566,True,False,Sell,False
2025-04-22 17:25:00,442.185,444.05,441.15,441.42,1112918.0,29.902697532102344,False,True,Buy,False
2025-04-22 17:45:00,441.98,442.1,440.69,440.765,340903.0,29.877785247510378,False,True,Buy,False
2025-04-22 21:20:00,445.28,448.37,444.8945,448.06,222608.0,79.28855015651133,True,False,Sell,False
2025-04-22 22:50:00,453.26,453.66,453.07,453.66,76856.0,70.5701783652899,True,False,Sell,False
2025-04-23 08:10:00,454.39,455.15,454.38,455.15,21851.0,72.86596753060354,True,False,Sell,False
2025-04-23 08:30:00,454.96,455.45,454.96,455.31,20009.0,71.64938115154888,True,False,Sell,False
2025-04-23 10:35:00,456.41,456.64,456.29,456.58,11623.0,70.64014318675034,True,False,Sell,False
2025-04-23 12:55:00,458.25,458.75,458.22,458.6,74170.0,71.50380367854902,True,False,Sell,False
2025-04-23 13:40:00,459.24,461.15,458.86,460.22,1518864.0,74.71023880900833,True,False,Sell,False
2025-04-23 14:30:00,461.82,462.87,461.63,462.66,659383.0,71.0080901359656,True,False,Sell,False
2025-04-23 15:45:00,456.73,457.15,454.92,454.9301,693385.0,25.71893940238569,False,True,Buy,False
2025-04-23 16:15:00,455.29,455.45,453.93,453.95,399184.0,28.590271849398714,False,True,Buy,False
2025-04-23 22:05:00,454.18,454.2,453.32,453.3699,32703.0,29.46567777536676,False,True,Buy,False
2025-04-24 08:00:00,451.74,452.28,451.47,452.22,22405.0,26.919069383736176,False,True,Buy,False
2025-04-24 10:40:00,453.41,454.16,453.41,454.16,19447.0,72.12261704913426,True,False,Sell,False
2025-04-24 12:15:00,454.89,455.33,454.881,455.26,50447.0,70.69239576389158,True,False,Sell,False
2025-04-24 12:35:00,455.12,456.08,455.01,456.08,87017.0,71.27538481270813,True,False,Sell,False
2025-04-24 13:35:00,456.75,457.22,455.83,457.16,715013.0,72.24057134469886,True,False,Sell,False
2025-04-24 15:50:00,463.6401,464.515,463.27,464.41,344287.0,72.08316181349505,True,False,Sell,False
2025-04-24 18:35:00,466.715,467.05,466.69,467.0205,273190.0,71.07961187153812,True,False,Sell,False
2025-04-24 21:50:00,469.7415,469.87,469.7101,469.85,40814.0,70.17610308371273,True,False,Sell,False
2025-04-25 10:30:00,467.2,467.61,466.26,466.67,44763.0,26.204269686850335,False,True,Buy,False
2025-04-25 16:40:00,470.48,470.94,470.44,470.895,292173.0,71.96690872301761,True,False,Sell,False
2025-04-25 17:05:00,471.18,471.69,471.12,471.62,411788.0,72.69666852372102,True,False,Sell,False
2025-04-28 08:00:00,470.22,471.32,470.0,471.13,21140.0,22.721543130706085,False,True,Buy,False
2025-04-28 13:20:00,473.34,473.5,473.21,473.36,36146.0,70.34156053855313,True,False,Sell,False
2025-04-28 15:25:00,468.36,468.36,467.28,467.45,634135.0,27.39762928349169,False,True,Buy,False
2025-04-28 19:00:00,470.18,470.94,470.0,470.84,291870.0,70.02722786913498,True,False,Sell,False
2025-04-28 23:50:00,472.29,472.4605,472.28,472.4605,4621.0,70.28264231709187,True,False,Sell,False
2025-04-29 08:25:00,473.43,473.67,473.43,473.63,4611.0,70.05558549674203,True,False,Sell,False
2025-04-29 08:40:00,473.68,473.97,473.67,473.93,5676.0,71.70899526003092,True,False,Sell,False
2025-04-29 10:45:00,472.37,472.4,470.7,471.23,45647.0,29.188104794735064,False,True,Buy,False
2025-04-29 13:00:00,470.72,470.72,469.16,469.2,212434.0,28.607905474097073,False,True,Buy,False
2025-04-30 11:50:00,472.57,472.57,472.3,472.35,5635.0,28.375884523653514,False,True,Buy,False
2025-04-30 12:05:00,472.5,472.5,471.93,472.019,49804.0,28.6782240595681,False,True,Buy,False
2025-04-30 13:35:00,467.0,467.22,464.5,464.539,930437.0,21.252899581462497,False,True,Buy,False
2025-04-30 19:50:00,473.92,476.32,473.74,475.83,1519970.0,73.64996206425062,True,False,Sell,False
2025-04-30 22:00:00,479.71,481.34,479.55,480.84,228824.0,70.34419043777919,True,False,Sell,False
2025-05-01 08:00:00,483.0,483.37,482.75,482.82,15631.0,70.47772863086925,True,False,Sell,False
2025-05-01 08:25:00,482.91,483.23,482.74,483.19,5540.0,70.01122478339563,True,False,Sell,False
2025-05-01 08:40:00,483.2,483.38,483.2,483.38,4070.0,71.17113815182717,True,False,Sell,False
2025-05-01 09:15:00,483.85,483.95,483.76,483.89,7652.0,70.77904169593407,True,False,Sell,False
2025-05-01 09:35:00,484.21,484.42,484.11,484.17,9070.0,70.20011442515525,True,False,Sell,False
2025-05-01 15:15:00,486.4503,487.18,486.26,486.91,1318478.0,71.71874978690573,True,False,Sell,False
2025-05-01 19:55:00,482.83,483.1,480.74,481.19,2620491.0,28.72767807824949,False,True,Buy,False
2025-05-01 20:40:00,479.57,479.61,478.7104,478.7104,230063.0,27.70322784074359,False,True,Buy,False
2025-05-02 08:00:00,481.99,482.96,481.39,481.82,35250.0,71.7791708824875,True,False,Sell,False
2025-05-02 12:30:00,483.19,485.45,483.0,484.8283,308773.0,77.58134432545899,True,False,Sell,False
2025-05-02 13:40:00,486.52,487.18,486.2101,486.75,532968.0,71.41352547045524,True,False,Sell,False
2025-05-02 14:10:00,487.49,487.99,487.14,487.94,543496.0,72.01937748823089,True,False,Sell,False
2025-05-02 14:25:00,487.76,488.66,487.63,488.645,366201.0,74.58524129893242,True,False,Sell,False
2025-05-02 16:00:00,489.02,490.44,488.92,490.19,1451669.0,71.02939321736238,True,False,Sell,False
2025-05-05 08:00:00,485.82,486.2,485.63,486.16,24565.0,12.92537033725545,False,True,Buy,False
2025-05-05 14:05:00,485.84,486.325,485.16,486.05,371906.0,70.66514427279395,True,False,Sell,False
2025-05-05 14:15:00,485.82,486.77,485.57,486.47,269674.0,70.96756351707364,True,False,Sell,False
2025-05-05 18:40:00,488.79,489.03,488.78,489.02,219282.0,70.89173180035297,True,False,Sell,False
2025-05-05 19:50:00,486.77,487.09,485.5,485.765,1181952.0,25.03436488502506,False,True,Buy,False
2025-05-06 08:00:00,482.22,482.97,481.5,481.7,36328.0,12.075071246787532,False,True,Buy,False
2025-05-06 09:40:00,480.49,480.6,480.47,480.52,2706.0,29.160266820778528,False,True,Buy,False
2025-05-06 22:00:00,479.75,486.59,479.75,485.69,341163.0,77.0687741878586,True,False,Sell,False
2025-05-06 22:15:00,485.34,487.0,484.9,485.89,120349.0,71.3906486555742,True,False,Sell,False
2025-05-07 12:10:00,482.96,483.09,482.61,482.7492,77827.0,28.320740748252316,False,True,Buy,False
2025-05-07 12:25:00,483.041,483.1,482.37,482.41,39142.0,29.024265936630876,False,True,Buy,False
2025-05-07 15:00:00,480.79,480.88,479.92,480.3736,510290.0,29.40179028201899,False,True,Buy,False
2025-05-07 15:10:00,480.41,480.68,479.46,479.75,540394.0,26.65492485701005,False,True,Buy,False
2025-05-07 18:05:00,480.33,480.36,476.95,477.34,970334.0,24.546883483230662,False,True,Buy,False
2025-05-08 08:00:00,488.15,488.87,488.0,488.79,26700.0,86.85348616509053,True,False,Sell,False
2025-05-08 12:35:00,489.87,489.87,487.98,488.07,196948.0,28.42775119839294,False,True,Buy,False
2025-05-08 13:30:00,488.53,488.74,487.27,487.33,954666.0,28.315128984594864,False,True,Buy,False
2025-05-08 13:45:00,487.605,487.61,486.075,486.4492,776819.0,27.65918568140994,False,True,Buy,False
2025-05-08 14:10:00,486.28,486.46,485.24,485.6899,475129.0,28.264861809559456,False,True,Buy,False
2025-05-08 15:00:00,484.95,485.52,484.5,484.64,526018.0,29.571823647565914,False,True,Buy,False
2025-05-08 15:40:00,489.81,491.93,489.79,491.6,1405785.0,74.27214744411957,True,False,Sell,False
2025-05-08 16:05:00,491.6,491.98,491.48,491.975,446544.0,71.29184926808524,True,False,Sell,False
2025-05-08 16:50:00,492.38,492.7,492.24,492.57,364055.0,70.96575104230338,True,False,Sell,False
2025-05-08 19:50:00,490.28,490.42,488.8201,488.895,1020484.0,28.969505293532638,False,True,Buy,False
2025-05-08 20:10:00,488.69,490.5946,488.03,488.07,221825.0,28.485199697426975,False,True,Buy,False
2025-05-09 10:15:00,490.19,490.25,490.17,490.2,3268.0,71.40852591061072,True,False,Sell,False
2025-05-09 10:30:00,490.13,490.47,490.13,490.42,4982.0,71.21624755275577,True,False,Sell,False
2025-05-09 14:25:00,489.11,489.36,487.5,488.0001,580550.0,29.419717014954564,False,True,Buy,False
2025-05-12 08:00:00,497.33,505.08,496.33,504.14,123085.0,96.05762031266062,True,False,Sell,False
2025-05-12 10:45:00,507.17,507.4,506.92,507.3,38505.0,70.34366708069156,True,False,Sell,False
2025-05-12 12:00:00,507.66,508.6697,487.605,487.605,534777.0,10.771855403536392,False,True,Buy,True
2025-05-12 17:05:00,506.2891,507.38,506.2237,507.2209,620310.0,72.25811378165115,True,False,Sell,False
2025-05-13 08:00:00,505.37,505.97,505.28,505.3,9957.0,19.33687512886796,False,True,Buy,False
2025-05-13 12:15:00,508.18,508.33,508.1,508.2,17214.0,70.44617564976043,True,False,Sell,False
2025-05-13 12:25:00,508.18,508.79,508.14,508.75,82140.0,75.04940459230276,True,False,Sell,False
2025-05-13 12:45:00,508.9,509.23,508.53,509.2203,71835.0,70.96289080949492,True,False,Sell,False
2025-05-13 12:55:00,509.16,509.26,509.0,509.25,39251.0,70.44089128796533,True,False,Sell,False
2025-05-13 13:05:00,509.2,509.53,509.18,509.41,44157.0,71.26438182797348,True,False,Sell,False
2025-05-13 13:30:00,509.16,510.0,508.42,509.99,1276828.0,71.73367030184501,True,False,Sell,False
2025-05-13 16:35:00,516.221,516.85,516.21,516.7851,877131.0,70.10892364492075,True,False,Sell,False
2025-05-13 16:45:00,516.775,517.14,516.775,517.0987,525954.0,72.12621993290418,True,False,Sell,False
2025-05-14 11:00:00,516.33,517.11,516.24,517.1,42664.0,71.74616052351064,True,False,Sell,False
2025-05-15 08:00:00,516.97,517.47,515.64,515.71,22226.0,18.83204198422418,False,True,Buy,False
2025-05-15 12:30:00,515.4,517.07,514.95,517.0,191336.0,70.8281090341083,True,False,Sell,False
2025-05-15 15:40:00,519.17,519.91,519.1494,519.81,696428.0,73.2575728474378,True,False,Sell,False
2025-05-15 16:05:00,519.69,520.28,519.68,520.22,629565.0,72.15264589939697,True,False,Sell,False
2025-05-15 16:45:00,520.5247,521.02,520.5247,520.9926,431898.0,72.71365502804073,True,False,Sell,False
2025-05-15 17:10:00,521.11,521.27,520.89,521.2,228223.0,70.49969471999152,True,False,Sell,False
2025-05-15 19:25:00,517.72,517.75,516.48,516.9,910614.0,27.668958321056042,False,True,Buy,False
2025-05-16 08:00:00,519.02,520.21,519.02,520.13,14206.0,79.69403677982665,True,False,Sell,False
2025-05-16 08:50:00,520.34,520.83,520.29,520.68,11123.0,73.08894565881852,True,False,Sell,False
2025-05-16 14:40:00,518.43,518.46,517.14,517.23,934047.0,26.17716781096646,False,True,Buy,False
2025-05-16 20:50:00,520.32,520.35,518.72,518.88,192959.0,22.969048394579342,False,True,Buy,False
2025-05-16 21:40:00,518.75,518.75,518.3513,518.3513,22260.0,28.820200418822065,False,True,Buy,False
2025-05-16 23:15:00,515.35,515.53,514.8,514.84,24392.0,28.053239228244077,False,True,Buy,False
2025-05-16 23:30:00,515.0,515.03,514.61,514.8238,12981.0,29.352883599667447,False,True,Buy,False
2025-05-19 08:00:00,514.14,514.14,513.4,513.69,65094.0,25.710150700574875,False,True,Buy,False
2025-05-19 08:55:00,512.84,512.84,512.56,512.64,17204.0,29.226245198176752,False,True,Buy,False
2025-05-19 13:35:00,515.37,516.93,515.085,516.78,1294691.0,75.18910668323434,True,False,Sell,False
2025-05-19 14:40:00,519.3325,519.88,519.2597,519.6,781855.0,70.58849038304184,True,False,Sell,False
2025-05-19 17:00:00,521.43,522.0664,521.32,522.04,608763.0,73.21179084919179,True,False,Sell,False
2025-05-19 23:30:00,522.17,522.88,522.15,522.88,19194.0,78.67533915708795,True,False,Sell,False
2025-05-20 08:05:00,520.34,520.47,519.83,519.97,10466.0,28.257345750489293,False,True,Buy,False
2025-05-20 12:35:00,520.1998,520.1998,519.62,519.73,72643.0,29.676413850791697,False,True,Buy,False
2025-05-20 13:45:00,519.49,519.57,518.16,518.54,732090.0,27.24227503827601,False,True,Buy,False
2025-05-20 18:25:00,518.85,519.16,517.7,517.93,604727.0,25.52435785947451,False,True,Buy,False
2025-05-20 19:00:00,517.86,517.9,516.785,516.9275,1091347.0,24.402266368368554,False,True,Buy,False
2025-05-21 08:15:00,517.52,517.52,517.2,517.32,6838.0,28.17962296037499,False,True,Buy,False
2025-05-21 09:40:00,516.83,516.91,516.0,516.06,10315.0,26.16266980334484,False,True,Buy,False
2025-05-21 09:55:00,516.19,516.19,516.05,516.09,4234.0,29.589414724055064,False,True,Buy,False
2025-05-21 10:15:00,515.92,516.07,515.8,515.8,5709.0,29.495610707621786,False,True,Buy,False
2025-05-21 13:45:00,518.34,518.81,518.14,518.7899,776274.0,70.63949987462449,True,False,Sell,False
2025-05-21 14:00:00,518.57,520.08,518.3,519.1,1484632.0,71.05535023690602,True,False,Sell,False
2025-05-21 14:55:00,519.42,520.59,519.41,520.5594,592895.0,71.73340246231265,True,False,Sell,False
2025-05-21 15:50:00,521.95,522.4,521.75,522.3313,398548.0,72.45460522571912,True,False,Sell,False
2025-05-21 16:05:00,522.23,522.79,522.1,522.62,620125.0,71.23909841961267,True,False,Sell,False
2025-05-21 17:15:00,520.51,520.57,517.84,518.61,1748505.0,27.109421576362497,False,True,Buy,False
2025-05-21 19:05:00,513.93,514.29,512.175,512.22,1246724.0,28.766235038048016,False,True,Buy,False
2025-05-22 08:00:00,514.25,514.78,514.0,514.78,22229.0,73.47299770020773,True,False,Sell,False
2025-05-22 11:55:00,512.72,512.92,511.52,511.54,70556.0,26.000157219690845,False,True,Buy,False
2025-05-22 12:15:00,511.191,511.25,510.51,511.0,120184.0,28.81941329133595,False,True,Buy,False
2025-05-22 14:00:00,516.52,517.28,516.32,517.01,902444.0,70.7564867858918,True,False,Sell,False
2025-05-22 19:55:00,515.08,515.4,513.5913,514.02,2815797.0,27.8744942282931,False,True,Buy,False
2025-05-22 20:25:00,513.95,513.9799,513.82,513.88,10693.0,29.704301104390872,False,True,Buy,False
2025-05-22 22:50:00,513.98,513.98,513.04,513.1,58469.0,22.81814494840089,False,True,Buy,False
2025-05-23 11:20:00,512.5,512.5,511.0,511.67,166424.0,26.954799748363527,False,True,Buy,False
2025-05-23 11:40:00,512.34,512.5,507.29,508.18,261379.0,18.69555929137739,False,True,Buy,False
2025-05-23 12:50:00,505.42,505.45,504.54,504.82,77812.0,28.977566685338186,False,True,Buy,False
2025-05-23 13:00:00,504.87,504.87,504.11,504.27,98975.0,28.237395060541235,False,True,Buy,False
2025-05-23 17:25:00,511.17,511.59,511.0,511.51,381575.0,70.55916165889644,True,False,Sell,False
2025-05-27 08:00:00,517.85,518.05,514.8,517.55,39668.0,95.24590342174554,True,False,Sell,False
2025-05-27 16:00:00,519.57,519.89,519.47,519.8,579418.0,71.2696430494365,True,False,Sell,False
2025-05-27 16:35:00,519.93,520.84,519.88,520.76,846599.0,75.4163004348978,True,False,Sell,False
2025-05-27 17:15:00,520.71,521.08,520.65,521.0,356987.0,71.11461937659932,True,False,Sell,False
2025-05-27 17:45:00,521.0,521.27,520.89,521.25,327584.0,70.62418180772683,True,False,Sell,False
2025-05-27 17:55:00,521.215,521.49,521.19,521.42,544289.0,72.08467576331488,True,False,Sell,False
2025-05-27 18:10:00,521.37,521.48,521.23,521.46,405579.0,70.97363834615676,True,False,Sell,False
2025-05-28 08:05:00,520.65,520.72,520.3,520.33,14637.0,26.79609583762581,False,True,Buy,False
2025-05-28 08:50:00,520.31,520.39,520.09,520.1,6570.0,28.856179721627655,False,True,Buy,False
2025-05-28 09:20:00,520.4,520.4,519.89,519.9,12606.0,29.635402433705412,False,True,Buy,False
2025-05-28 10:30:00,521.07,521.78,521.06,521.71,47079.0,73.62407446247896,True,False,Sell,False
2025-05-28 12:20:00,522.48,522.77,522.42,522.7,31730.0,71.63731550021753,True,False,Sell,False
2025-05-28 19:50:00,520.08,520.09,518.39,518.95,1895061.0,26.60111398552323,False,True,Buy,False
2025-05-28 22:45:00,523.02,523.45,522.98,523.4407,21893.0,73.36408815236105,True,False,Sell,False
2025-05-29 12:00:00,527.76,530.49,518.521,518.521,287588.0,10.586355790709334,False,True,Buy,True
2025-05-29 14:05:00,521.84,521.84,519.89,520.07,1536385.0,28.852130006923364,False,True,Buy,False
2025-05-30 12:10:00,519.2,519.31,515.7,517.0,428111.0,24.85196851163555,False,True,Buy,False
2025-05-30 16:25:00,516.3695,516.54,514.07,514.44,1532209.0,27.432431414775966,False,True,Buy,False
2025-05-30 19:15:00,518.47,519.33,518.44,519.08,686727.0,71.38674006673469,True,False,Sell,False
2025-06-02 08:00:00,515.62,516.43,515.33,515.9,32210.0,15.045698451574845,False,True,Buy,False
2025-06-02 08:40:00,516.16,516.16,515.94,515.99,4276.0,29.093311644264908,False,True,Buy,False
2025-06-02 09:00:00,515.98,515.98,515.68,515.69,11268.0,27.86807678365179,False,True,Buy,False
2025-06-02 09:45:00,515.41,515.41,515.2,515.26,10042.0,28.981826876141792,False,True,Buy,False
2025-06-02 13:30:00,517.24,520.2901,517.22,520.1046,1287836.0,79.1458436515673,True,False,Sell,False
2025-06-02 18:25:00,522.36,522.65,522.32,522.5893,485942.0,70.14117399048331,True,False,Sell,False
2025-06-02 19:00:00,522.8,523.04,522.79,522.95,418346.0,71.11735962476718,True,False,Sell,False
2025-06-02 19:20:00,522.68,523.45,522.54,523.34,536997.0,71.8531097694536,True,False,Sell,False
2025-06-02 20:15:00,523.84,524.22,523.83,524.09,134310.0,72.30387177461984,True,False,Sell,False
2025-06-03 08:00:00,521.01,521.12,520.89,521.12,13888.0,25.320501412152183,False,True,Buy,False
2025-06-03 11:35:00,522.76,523.15,522.76,523.15,15346.0,71.82946354412292,True,False,Sell,False
2025-06-03 13:55:00,524.67,525.039,524.39,524.79,650491.0,70.73235285343743,True,False,Sell,False
2025-06-03 14:55:00,525.9,526.39,525.83,526.355,511544.0,71.03548462683536,True,False,Sell,False
2025-06-03 15:15:00,526.385,526.7,526.2201,526.635,310925.0,71.80305584146835,True,False,Sell,False
2025-06-03 16:15:00,527.05,527.63,527.045,527.58,528809.0,73.1828275163462,True,False,Sell,False
2025-06-03 16:25:00,527.37,527.525,527.2603,527.52,309387.0,70.0460439743724,True,False,Sell,False
2025-06-04 08:10:00,528.25,528.5,528.15,528.47,6945.0,70.71003580030879,True,False,Sell,False
2025-06-04 12:20:00,527.51,527.55,526.42,526.5,118854.0,23.500978422260086,False,True,Buy,False
2025-06-04 13:35:00,528.73,529.56,528.59,529.34,878090.0,70.22264949826813,True,False,Sell,False
2025-06-05 08:00:00,530.07,530.47,529.12,530.37,20006.0,80.34392128039015,True,False,Sell,False
2025-06-05 12:45:00,529.03,532.14,528.81,531.02,202783.0,71.76089478591754,True,False,Sell,False
2025-06-05 16:45:00,529.92,529.92,527.64,528.04,1293230.0,27.428014443965257,False,True,Buy,False
2025-06-05 18:10:00,527.48,527.51,526.94,527.105,464631.0,29.05157528036936,False,True,Buy,False
2025-06-05 19:10:00,526.75,527.1,525.29,525.41,987719.0,24.149642536071187,False,True,Buy,False
2025-06-06 08:00:00,526.55,526.79,525.84,526.74,14673.0,75.10104801350921,True,False,Sell,False
2025-06-06 09:20:00,527.02,527.16,527.02,527.16,3104.0,71.82919157637978,True,False,Sell,False
2025-06-06 12:30:00,527.28,529.7,527.26,529.03,349141.0,79.12800185352566,True,False,Sell,False
2025-06-06 13:10:00,529.23,529.6,529.14,529.49,76362.0,72.4915431451906,True,False,Sell,False
2025-06-06 13:35:00,529.55,530.85,529.39,530.5,1256072.0,74.19564695223147,True,False,Sell,False
2025-06-06 18:15:00,531.29,531.59,531.275,531.54,366373.0,70.0845346490762,True,False,Sell,False
2025-06-09 08:30:00,529.5,529.5,529.23,529.25,12181.0,26.702310513521425,False,True,Buy,False
2025-06-09 19:55:00,530.81,531.35,530.58,530.68,1950166.0,28.964304570984176,False,True,Buy,False
2025-06-10 08:00:00,534.04,534.04,530.11,530.29,16209.0,28.840904952705408,False,True,Buy,False
2025-06-10 08:10:00,530.57,530.57,529.41,529.41,10314.0,22.29015026908675,False,True,Buy,False
2025-06-10 15:30:00,531.675,531.675,528.89,529.76,1666365.0,27.879824792976613,False,True,Buy,False
2025-06-10 18:55:00,533.1507,534.31,533.1405,533.8509,1216164.0,71.03711517097601,True,False,Sell,False
2025-06-10 22:50:00,533.92,534.63,533.91,534.6,7936.0,70.13517541952078,True,False,Sell,False
2025-06-11 11:15:00,532.85,532.9,532.39,532.5,12372.0,26.8292609344807,False,True,Buy,False
2025-06-11 12:30:00,534.13,537.5,534.02,536.6,495609.0,79.06716368358272,True,False,Sell,False
2025-06-11 18:00:00,533.14,533.48,531.09,531.74,1467817.0,23.261838584667693,False,True,Buy,False
2025-06-11 18:10:00,532.49,532.54,531.17,531.19,852123.0,26.54078290757738,False,True,Buy,False
2025-06-12 08:00:00,529.73,530.04,528.52,528.69,24382.0,20.852195481143852,False,True,Buy,False
2025-06-12 13:40:00,532.01,532.4,531.83,532.31,488987.0,71.41326146179956,True,False,Sell,False
2025-06-12 14:10:00,532.55,533.16,532.46,533.13,463050.0,71.19104796634508,True,False,Sell,False
2025-06-12 15:00:00,533.6,534.6438,533.6,534.47,648502.0,76.65543923655162,True,False,Sell,False
2025-06-12 22:15:00,532.62,532.63,532.44,532.44,2240.0,29.803335058201284,False,True,Buy,False
2025-06-12 22:25:00,532.5,532.5,532.2,532.26,3623.0,27.80659322093909,False,True,Buy,False
2025-06-12 23:55:00,531.94,531.9899,530.04,530.07,37136.0,13.383809959371765,False,True,Buy,False
2025-06-13 09:35:00,526.21,526.21,525.69,525.94,11405.0,29.678248828150007,False,True,Buy,False
2025-06-13 13:30:00,527.68,530.01,527.25,529.68,1797971.0,72.56083314879734,True,False,Sell,False
2025-06-13 15:45:00,530.77,531.28,530.71,531.16,441482.0,70.81560003578781,True,False,Sell,False
2025-06-13 16:10:00,531.395,531.85,531.39,531.64,356269.0,70.04582372769141,True,False,Sell,False
2025-06-13 18:25:00,528.53,528.66,527.37,527.49,712397.0,25.650713489069975,False,True,Buy,False
2025-06-16 08:00:00,530.2,530.2,529.12,529.45,40237.0,83.84815611730431,True,False,Sell,False
2025-06-16 11:50:00,530.64,530.82,530.6,530.78,7126.0,70.31599197334093,True,False,Sell,False
2025-06-16 12:05:00,530.8,531.19,530.69,531.19,21104.0,72.74843794737454,True,False,Sell,False
2025-06-16 12:15:00,531.04,531.22,531.03,531.18,38306.0,70.01668896248539,True,False,Sell,False
2025-06-16 13:45:00,532.11,532.76,531.58,532.6229,897288.0,71.32563517838204,True,False,Sell,False
2025-06-16 15:05:00,534.63,534.772,534.36,534.72,361617.0,70.06461420784042,True,False,Sell,False
2025-06-16 22:30:00,533.66,533.66,532.9,533.09,31282.0,27.607118826811927,False,True,Buy,False
2025-06-16 22:55:00,532.44,532.44,532.08,532.08,4438.0,27.283348992588454,False,True,Buy,False
2025-06-16 23:30:00,531.9699,531.9699,531.25,531.5,37913.0,27.567746150802634,False,True,Buy,False
2025-06-16 23:45:00,531.62,531.76,530.58,531.01,37672.0,27.617444833265697,False,True,Buy,False
2025-06-17 17:45:00,530.225,530.41,528.81,529.23,1050669.0,26.412056371082574,False,True,Buy,False
2025-06-17 18:20:00,528.94,529.05,528.59,528.63,664385.0,29.319991601999835,False,True,Buy,False
2025-06-17 22:00:00,528.45,528.54,527.65,527.86,38599.0,28.026452304130903,False,True,Buy,False
2025-06-17 22:35:00,527.701,527.701,527.47,527.47,6710.0,28.865730696517897,False,True,Buy,False
2025-06-17 22:55:00,527.39,527.39,526.85,527.08,19947.0,26.998969454138653,False,True,Buy,False
2025-06-18 08:00:00,530.46,530.85,529.62,530.85,17754.0,77.60449133129325,True,False,Sell,False
2025-06-18 13:30:00,530.1,530.15,528.48,528.59,926683.0,27.07842563025534,False,True,Buy,False
2025-06-18 14:30:00,531.985,532.45,531.86,532.36,622408.0,72.70102028987128,True,False,Sell,False
2025-06-18 17:25:00,530.12,530.2,529.62,529.634,213175.0,26.67822990013007,False,True,Buy,False
2025-06-20 08:45:00,527.85,527.9,527.7,527.71,4536.0,29.506511002792006,False,True,Buy,False
2025-06-20 11:40:00,528.8,529.75,528.8,529.72,19159.0,74.15203769917156,True,False,Sell,False
2025-06-20 12:15:00,530.12,530.36,530.0,530.36,27370.0,70.16930392041834,True,False,Sell,False
2025-06-20 12:30:00,530.1,530.85,530.03,530.85,71914.0,70.61695510104504,True,False,Sell,False
2025-06-20 12:50:00,530.93,531.14,530.89,531.11,34419.0,71.21397114803104,True,False,Sell,False
2025-06-20 14:20:00,530.33,530.46,528.385,528.41,589700.0,29.220927480308614,False,True,Buy,False
2025-06-20 14:45:00,527.58,527.58,526.66,526.92,717765.0,27.745577075942155,False,True,Buy,False
2025-06-20 17:35:00,525.6,525.8496,524.88,525.05,803681.0,29.889756114361504,False,True,Buy,False
